voters,alts,dims,scheme,dist_to_mean,mean_opt,winners
10,2,1,IRV,0.42080515397863066,1.0,[0. 0. 0. 0. 0. 0. 0. 0. 0. 0.]
10,2,1,SRB,0.4257218363811305,0.8,[0. 0. 0. 0. 0. 0. 1. 0. 0. 1.]
10,2,1,Borda,0.42080515397863066,1.0,[0. 0. 0. 0. 0. 0. 0. 0. 0. 0.]
10,2,1,SRC,0.4281801775823803,0.7,[0. 0. 0. 0. 1. 0. 0. 1. 0. 1.]
10,2,1,Plurality,0.42080515397863066,1.0,[0. 0. 0. 0. 0. 0. 0. 0. 0. 0.]
10,2,2,IRV,0.4525566610007868,1.0,[1. 1. 1. 1. 1. 1. 1. 1. 1. 1.]
10,2,2,SRB,0.46420853195484774,0.7,[1. 1. 1. 1. 0. 0. 1. 1. 1. 0.]
10,2,2,Borda,0.4525566610007868,1.0,[1. 1. 1. 1. 1. 1. 1. 1. 1. 1.]
10,2,2,SRC,0.47586040290890874,0.4,[0. 0. 0. 1. 0. 1. 0. 1. 0. 1.]
10,2,2,Plurality,0.4525566610007868,1.0,[1. 1. 1. 1. 1. 1. 1. 1. 1. 1.]
10,2,3,IRV,0.43254326064096144,1.0,[1. 1. 1. 1. 1. 1. 1. 1. 1. 1.]
10,2,3,SRB,0.4445452973376768,0.8,[1. 0. 1. 1. 1. 0. 1. 1. 1. 1.]
10,2,3,Borda,0.43254326064096144,1.0,[1. 1. 1. 1. 1. 1. 1. 1. 1. 1.]
10,2,3,SRC,0.4505463156860346,0.7,[1. 0. 1. 1. 0. 1. 0. 1. 1. 1.]
10,2,3,Plurality,0.43254326064096144,1.0,[1. 1. 1. 1. 1. 1. 1. 1. 1. 1.]
10,2,5,IRV,0.39043346394319994,1.0,[0. 0. 0. 0. 0. 0. 0. 0. 0. 0.]
10,2,5,SRB,0.39296003186821543,0.7,[0. 0. 0. 1. 0. 1. 0. 0. 1. 0.]
10,2,5,Borda,0.39043346394319994,1.0,[0. 0. 0. 0. 0. 0. 0. 0. 0. 0.]
10,2,5,SRC,0.3971709784099079,0.2,[1. 1. 1. 0. 1. 1. 1. 1. 1. 0.]
10,2,5,Plurality,0.39043346394319994,1.0,[0. 0. 0. 0. 0. 0. 0. 0. 0. 0.]
10,2,10,IRV,0.21484491277604478,1.0,[1. 1. 1. 1. 1. 1. 1. 1. 1. 1.]
10,2,10,SRB,0.21484491277604478,1.0,[1. 1. 1. 1. 1. 1. 1. 1. 1. 1.]
10,2,10,Borda,0.21484491277604478,1.0,[1. 1. 1. 1. 1. 1. 1. 1. 1. 1.]
10,2,10,SRC,0.24544862776228485,0.4,[0. 1. 0. 1. 1. 0. 1. 0. 0. 0.]
10,2,10,Plurality,0.21484491277604478,1.0,[1. 1. 1. 1. 1. 1. 1. 1. 1. 1.]
10,3,1,IRV,0.3815210819792044,1.0,[0. 0. 0. 0. 0. 0. 0. 0. 0. 0.]
10,3,1,SRB,0.5056739009247176,0.4,[0. 2. 2. 0. 0. 2. 0. 1. 2. 2.]
10,3,1,Borda,0.3815210819792044,1.0,[0. 0. 0. 0. 0. 0. 0. 0. 0. 0.]
10,3,1,SRC,0.4560921654174659,0.6,[1. 2. 0. 2. 0. 0. 0. 0. 0. 2.]
10,3,1,Plurality,0.3815210819792044,1.0,[0. 0. 0. 0. 0. 0. 0. 0. 0. 0.]
10,3,2,IRV,0.4194777156831605,0.0,[2. 2. 2. 2. 2. 2. 2. 2. 2. 2.]
10,3,2,SRB,0.32285318223013715,0.6,[1. 2. 2. 1. 1. 0. 1. 2. 1. 1.]
10,3,2,Borda,0.4126337399904054,0.0,[0. 0. 0. 0. 0. 0. 0. 0. 0. 0.]
10,3,2,SRC,0.39869691005094066,0.1,[2. 2. 0. 0. 0. 0. 0. 0. 0. 1.]
10,3,2,Plurality,0.4194777156831605,0.0,[2. 2. 2. 2. 2. 2. 2. 2. 2. 2.]
10,3,3,IRV,0.3847089227164031,0.0,[0. 0. 0. 0. 0. 0. 0. 0. 0. 0.]
10,3,3,SRB,0.38248996704021565,0.4,[0. 1. 1. 0. 0. 1. 0. 0. 0. 1.]
10,3,3,Borda,0.3847089227164031,0.0,[0. 0. 0. 0. 0. 0. 0. 0. 0. 0.]
10,3,3,SRC,0.3873473993086373,0.4,[0. 0. 2. 1. 0. 1. 1. 0. 1. 0.]
10,3,3,Plurality,0.3847089227164031,0.0,[0. 0. 0. 0. 0. 0. 0. 0. 0. 0.]
10,3,5,IRV,0.42293519091308146,0.0,[1. 1. 1. 1. 1. 1. 1. 1. 1. 1.]
10,3,5,SRB,0.411235908456848,0.4,[0. 1. 1. 0. 0. 1. 1. 1. 1. 0.]
10,3,5,Borda,0.42293519091308146,0.0,[1. 1. 1. 1. 1. 1. 1. 1. 1. 1.]
10,3,5,SRC,0.4032088218218206,0.5,[2. 1. 1. 0. 0. 1. 0. 2. 0. 0.]
10,3,5,Plurality,0.42293519091308146,0.0,[1. 1. 1. 1. 1. 1. 1. 1. 1. 1.]
10,3,10,IRV,0.22984272598810893,1.0,[0. 0. 0. 0. 0. 0. 0. 0. 0. 0.]
10,3,10,SRB,0.22984272598810893,1.0,[0. 0. 0. 0. 0. 0. 0. 0. 0. 0.]
10,3,10,Borda,0.22984272598810893,1.0,[0. 0. 0. 0. 0. 0. 0. 0. 0. 0.]
10,3,10,SRC,0.24721388415520446,0.4,[1. 2. 0. 0. 1. 1. 2. 0. 0. 2.]
10,3,10,Plurality,0.22984272598810893,1.0,[0. 0. 0. 0. 0. 0. 0. 0. 0. 0.]
10,4,1,IRV,0.4765316129820222,1.0,[1. 1. 1. 1. 1. 1. 1. 1. 1. 1.]
10,4,1,SRB,0.4995128437747104,0.9,[1. 1. 1. 1. 1. 1. 2. 1. 1. 1.]
10,4,1,Borda,0.4765316129820222,1.0,[1. 1. 1. 1. 1. 1. 1. 1. 1. 1.]
10,4,1,SRC,0.5093685408288561,0.4,[0. 3. 1. 0. 1. 3. 1. 2. 1. 0.]
10,4,1,Plurality,0.4765316129820222,1.0,[1. 1. 1. 1. 1. 1. 1. 1. 1. 1.]
10,4,2,IRV,0.43266175248490707,0.0,[0. 0. 0. 0. 0. 0. 0. 0. 0. 0.]
10,4,2,SRB,0.4194806455135933,0.4,[1. 1. 0. 3. 0. 3. 3. 1. 0. 1.]
10,4,2,Borda,0.43266175248490707,0.0,[0. 0. 0. 0. 0. 0. 0. 0. 0. 0.]
10,4,2,SRC,0.4352463369069797,0.5,[2. 1. 1. 0. 0. 1. 3. 2. 1. 1.]
10,4,2,Plurality,0.43266175248490707,0.0,[0. 0. 0. 0. 0. 0. 0. 0. 0. 0.]
10,4,3,IRV,0.34748832771861426,1.0,[0. 0. 0. 0. 0. 0. 0. 0. 0. 0.]
10,4,3,SRB,0.34748832771861426,1.0,[0. 0. 0. 0. 0. 0. 0. 0. 0. 0.]
10,4,3,Borda,0.34748832771861426,1.0,[0. 0. 0. 0. 0. 0. 0. 0. 0. 0.]
10,4,3,SRC,0.460055379750539,0.5,[0. 1. 0. 0. 3. 2. 0. 3. 2. 0.]
10,4,3,Plurality,0.34748832771861426,1.0,[0. 0. 0. 0. 0. 0. 0. 0. 0. 0.]
10,4,5,IRV,0.32683720824382434,0.0,[2. 2. 2. 2. 2. 2. 2. 2. 2. 2.]
10,4,5,SRB,0.2863577893023781,0.1,[0. 0. 0. 2. 3. 0. 0. 2. 0. 0.]
10,4,5,Borda,0.2765188355284597,0.0,[0. 0. 0. 0. 0. 0. 0. 0. 0. 0.]
10,4,5,SRC,0.29641008004801744,0.3,[3. 0. 2. 1. 3. 1. 3. 2. 2. 0.]
10,4,5,Plurality,0.2765188355284597,0.0,[0. 0. 0. 0. 0. 0. 0. 0. 0. 0.]
10,4,10,IRV,0.21789963700940143,1.0,[2. 2. 2. 2. 2. 2. 2. 2. 2. 2.]
10,4,10,SRB,0.22822525938300986,0.6,[0. 2. 0. 2. 2. 2. 1. 2. 2. 0.]
10,4,10,Borda,0.22562751217321794,0.0,[3. 3. 3. 3. 3. 3. 3. 3. 3. 3.]
10,4,10,SRC,0.23054362193215483,0.3,[0. 3. 0. 1. 0. 3. 2. 3. 2. 2.]
10,4,10,Plurality,0.21789963700940143,1.0,[2. 2. 2. 2. 2. 2. 2. 2. 2. 2.]
10,5,1,IRV,0.28009776974883266,1.0,[4. 4. 4. 4. 4. 4. 4. 4. 4. 4.]
10,5,1,SRB,0.36700806220181253,0.5,[4. 2. 4. 4. 4. 0. 2. 4. 0. 2.]
10,5,1,Borda,0.3529425325593408,0.0,[1. 1. 1. 1. 1. 1. 1. 1. 1. 1.]
10,5,1,SRC,0.38886149104496504,0.2,[2. 0. 2. 0. 1. 1. 1. 4. 4. 2.]
10,5,1,Plurality,0.28009776974883266,1.0,[4. 4. 4. 4. 4. 4. 4. 4. 4. 4.]
10,5,2,IRV,0.3048779587975362,0.0,[1. 1. 1. 1. 1. 1. 1. 1. 1. 1.]
10,5,2,SRB,0.28650749264488906,0.5,[1. 1. 1. 0. 0. 0. 1. 0. 1. 0.]
10,5,2,Borda,0.2681370264922419,1.0,[0. 0. 0. 0. 0. 0. 0. 0. 0. 0.]
10,5,2,SRC,0.3470085149981526,0.2,[2. 0. 0. 3. 1. 3. 4. 4. 2. 2.]
10,5,2,Plurality,0.2681370264922419,1.0,[0. 0. 0. 0. 0. 0. 0. 0. 0. 0.]
10,5,3,IRV,0.5031265705545163,0.0,[2. 2. 2. 2. 2. 2. 2. 2. 2. 2.]
10,5,3,SRB,0.5271627852878309,0.1,[3. 2. 4. 2. 3. 2. 1. 2. 2. 2.]
10,5,3,Borda,0.5031265705545163,0.0,[2. 2. 2. 2. 2. 2. 2. 2. 2. 2.]
10,5,3,SRC,0.5856163061081545,0.0,[4. 0. 4. 3. 4. 4. 4. 2. 3. 0.]
10,5,3,Plurality,0.5031265705545163,0.0,[2. 2. 2. 2. 2. 2. 2. 2. 2. 2.]
10,5,5,IRV,0.354735116650705,1.0,[0. 0. 0. 0. 0. 0. 0. 0. 0. 0.]
10,5,5,SRB,0.35546101405442554,0.7,[0. 0. 2. 0. 0. 2. 0. 0. 2. 0.]
10,5,5,Borda,0.354735116650705,1.0,[0. 0. 0. 0. 0. 0. 0. 0. 0. 0.]
10,5,5,SRC,0.38204518985496205,0.3,[0. 0. 3. 3. 1. 1. 4. 3. 0. 2.]
10,5,5,Plurality,0.354735116650705,1.0,[0. 0. 0. 0. 0. 0. 0. 0. 0. 0.]
10,5,10,IRV,0.23585128832065552,0.0,[1. 1. 1. 1. 1. 1. 1. 1. 1. 1.]
10,5,10,SRB,0.23210432108290818,0.4,[0. 0. 2. 2. 0. 1. 1. 0. 1. 1.]
10,5,10,Borda,0.22461339558219037,1.0,[0. 0. 0. 0. 0. 0. 0. 0. 0. 0.]
10,5,10,SRC,0.24315239447771875,0.1,[1. 2. 2. 3. 0. 2. 4. 3. 2. 3.]
10,5,10,Plurality,0.23585128832065552,0.0,[1. 1. 1. 1. 1. 1. 1. 1. 1. 1.]
10,10,1,IRV,0.39975583556234456,0.0,[8. 8. 8. 8. 8. 8. 8. 8. 8. 8.]
10,10,1,SRB,0.40381585145828947,0.1,[0. 1. 0. 8. 8. 0. 0. 8. 8. 8.]
10,10,1,Borda,0.39975583556234456,0.0,[8. 8. 8. 8. 8. 8. 8. 8. 8. 8.]
10,10,1,SRC,0.42218973721884173,0.1,[7. 3. 2. 4. 5. 6. 4. 5. 1. 6.]
10,10,1,Plurality,0.39975583556234456,0.0,[8. 8. 8. 8. 8. 8. 8. 8. 8. 8.]
10,10,2,IRV,0.36481644276810676,0.0,[9. 9. 9. 9. 9. 9. 9. 9. 9. 9.]
10,10,2,SRB,0.37652950042270683,0.0,[9. 9. 9. 9. 6. 9. 6. 9. 9. 6.]
10,10,2,Borda,0.36481644276810676,0.0,[9. 9. 9. 9. 9. 9. 9. 9. 9. 9.]
10,10,2,SRC,0.3790423336167256,0.1,[4. 7. 3. 3. 2. 4. 3. 8. 8. 4.]
10,10,2,Plurality,0.36481644276810676,0.0,[9. 9. 9. 9. 9. 9. 9. 9. 9. 9.]
10,10,3,IRV,0.28088587566813944,1.0,[3. 3. 3. 3. 3. 3. 3. 3. 3. 3.]
10,10,3,SRB,0.4104420318175873,0.3,[8. 3. 3. 7. 8. 8. 5. 7. 3. 7.]
10,10,3,Borda,0.4081841232867271,0.0,[0. 0. 0. 0. 0. 0. 0. 0. 0. 0.]
10,10,3,SRC,0.38506426573893926,0.0,[1. 9. 5. 7. 4. 2. 1. 9. 9. 0.]
10,10,3,Plurality,0.28088587566813944,1.0,[3. 3. 3. 3. 3. 3. 3. 3. 3. 3.]
10,10,5,IRV,0.38250100020835653,0.0,[3. 3. 3. 3. 3. 3. 3. 3. 3. 3.]
10,10,5,SRB,0.3517299673026463,0.3,[2. 4. 4. 7. 4. 3. 2. 7. 3. 9.]
10,10,5,Borda,0.2957912398667063,0.0,[1. 1. 1. 1. 1. 1. 1. 1. 1. 1.]
10,10,5,SRC,0.3554991066735739,0.1,[5. 3. 6. 1. 7. 7. 3. 4. 9. 5.]
10,10,5,Plurality,0.28009430220765374,1.0,[4. 4. 4. 4. 4. 4. 4. 4. 4. 4.]
10,10,10,IRV,0.21417890935587258,0.0,[4. 4. 4. 4. 4. 4. 4. 4. 4. 4.]
10,10,10,SRB,0.23248932534343805,0.3,[3. 3. 0. 0. 3. 0. 3. 3. 3. 2.]
10,10,10,Borda,0.19361698705363067,1.0,[0. 0. 0. 0. 0. 0. 0. 0. 0. 0.]
10,10,10,SRC,0.2185679868781525,0.0,[8. 5. 6. 4. 7. 8. 2. 8. 7. 5.]
10,10,10,Plurality,0.19361698705363067,1.0,[0. 0. 0. 0. 0. 0. 0. 0. 0. 0.]
100,2,1,IRV,0.4479479167312618,1.0,[0. 0. 0. 0. 0. 0. 0. 0. 0. 0.]
100,2,1,SRB,0.5718163549195602,0.5,[0. 1. 1. 1. 0. 1. 0. 0. 0. 1.]
100,2,1,Borda,0.4479479167312618,1.0,[0. 0. 0. 0. 0. 0. 0. 0. 0. 0.]
100,2,1,SRC,0.5222689796442408,0.7,[0. 1. 0. 1. 0. 1. 0. 0. 0. 0.]
100,2,1,Plurality,0.4479479167312618,1.0,[0. 0. 0. 0. 0. 0. 0. 0. 0. 0.]
100,2,2,IRV,0.3801669486151652,1.0,[1. 1. 1. 1. 1. 1. 1. 1. 1. 1.]
100,2,2,SRB,0.4002925972545782,0.9,[1. 1. 1. 1. 1. 1. 1. 1. 1. 0.]
100,2,2,Borda,0.3801669486151652,1.0,[1. 1. 1. 1. 1. 1. 1. 1. 1. 1.]
100,2,2,SRC,0.5009208404516435,0.4,[1. 0. 1. 1. 0. 1. 0. 0. 0. 0.]
100,2,2,Plurality,0.3801669486151652,1.0,[1. 1. 1. 1. 1. 1. 1. 1. 1. 1.]
100,2,3,IRV,0.3839163603766575,1.0,[0. 0. 0. 0. 0. 0. 0. 0. 0. 0.]
100,2,3,SRB,0.39706415181268395,0.7,[0. 0. 1. 1. 0. 0. 0. 1. 0. 0.]
100,2,3,Borda,0.3839163603766575,1.0,[0. 0. 0. 0. 0. 0. 0. 0. 0. 0.]
100,2,3,SRC,0.4014467489580261,0.6,[1. 1. 0. 1. 0. 0. 1. 0. 0. 0.]
100,2,3,Plurality,0.3839163603766575,1.0,[0. 0. 0. 0. 0. 0. 0. 0. 0. 0.]
100,2,5,IRV,0.2816118563975315,1.0,[1. 1. 1. 1. 1. 1. 1. 1. 1. 1.]
100,2,5,SRB,0.2816118563975315,1.0,[1. 1. 1. 1. 1. 1. 1. 1. 1. 1.]
100,2,5,Borda,0.2816118563975315,1.0,[1. 1. 1. 1. 1. 1. 1. 1. 1. 1.]
100,2,5,SRC,0.2987481740267494,0.7,[0. 0. 1. 1. 1. 0. 1. 1. 1. 1.]
100,2,5,Plurality,0.2816118563975315,1.0,[1. 1. 1. 1. 1. 1. 1. 1. 1. 1.]
100,2,10,IRV,0.2079072436351695,1.0,[1. 1. 1. 1. 1. 1. 1. 1. 1. 1.]
100,2,10,SRB,0.2141191996314909,0.8,[0. 1. 0. 1. 1. 1. 1. 1. 1. 1.]
100,2,10,Borda,0.2079072436351695,1.0,[1. 1. 1. 1. 1. 1. 1. 1. 1. 1.]
100,2,10,SRC,0.223437133625973,0.5,[1. 0. 0. 0. 1. 1. 1. 1. 0. 0.]
100,2,10,Plurality,0.2079072436351695,1.0,[1. 1. 1. 1. 1. 1. 1. 1. 1. 1.]
100,3,1,IRV,0.4391212382322185,1.0,[2. 2. 2. 2. 2. 2. 2. 2. 2. 2.]
100,3,1,SRB,0.4780999218359831,0.9,[2. 0. 2. 2. 2. 2. 2. 2. 2. 2.]
100,3,1,Borda,0.4391212382322185,1.0,[2. 2. 2. 2. 2. 2. 2. 2. 2. 2.]
100,3,1,SRC,0.6411557635123454,0.3,[0. 0. 2. 1. 0. 1. 1. 2. 2. 0.]
100,3,1,Plurality,0.4391212382322185,1.0,[2. 2. 2. 2. 2. 2. 2. 2. 2. 2.]
100,3,2,IRV,0.44042504940964855,1.0,[0. 0. 0. 0. 0. 0. 0. 0. 0. 0.]
100,3,2,SRB,0.4526726728172753,0.9,[0. 0. 0. 0. 0. 0. 0. 0. 0. 2.]
100,3,2,Borda,0.44042504940964855,1.0,[0. 0. 0. 0. 0. 0. 0. 0. 0. 0.]
100,3,2,SRC,0.5583843987720292,0.1,[1. 2. 2. 1. 1. 0. 2. 1. 2. 1.]
100,3,2,Plurality,0.44042504940964855,1.0,[0. 0. 0. 0. 0. 0. 0. 0. 0. 0.]
100,3,3,IRV,0.3509293320905,1.0,[1. 1. 1. 1. 1. 1. 1. 1. 1. 1.]
100,3,3,SRB,0.39342156488058766,0.5,[1. 2. 1. 1. 1. 2. 2. 2. 2. 1.]
100,3,3,Borda,0.3509293320905,1.0,[1. 1. 1. 1. 1. 1. 1. 1. 1. 1.]
100,3,3,SRC,0.39949607220698435,0.4,[1. 2. 1. 0. 2. 1. 0. 1. 2. 0.]
100,3,3,Plurality,0.3509293320905,1.0,[1. 1. 1. 1. 1. 1. 1. 1. 1. 1.]
100,3,5,IRV,0.36619535873608783,0.0,[2. 2. 2. 2. 2. 2. 2. 2. 2. 2.]
100,3,5,SRB,0.3634974496513991,0.2,[1. 0. 2. 2. 2. 0. 2. 2. 1. 2.]
100,3,5,Borda,0.36619535873608783,0.0,[2. 2. 2. 2. 2. 2. 2. 2. 2. 2.]
100,3,5,SRC,0.35377983623436193,0.6,[0. 2. 1. 1. 1. 0. 1. 2. 1. 1.]
100,3,5,Plurality,0.36619535873608783,0.0,[2. 2. 2. 2. 2. 2. 2. 2. 2. 2.]
100,3,10,IRV,0.2349546101649859,0.0,[2. 2. 2. 2. 2. 2. 2. 2. 2. 2.]
100,3,10,SRB,0.23059795124880114,0.3,[1. 2. 1. 2. 1. 2. 2. 2. 2. 2.]
100,3,10,Borda,0.2349546101649859,0.0,[2. 2. 2. 2. 2. 2. 2. 2. 2. 2.]
100,3,10,SRC,0.24604712972617068,0.3,[0. 1. 1. 0. 2. 0. 2. 1. 0. 0.]
100,3,10,Plurality,0.2349546101649859,0.0,[2. 2. 2. 2. 2. 2. 2. 2. 2. 2.]
100,4,1,IRV,0.398961984879728,1.0,[2. 2. 2. 2. 2. 2. 2. 2. 2. 2.]
100,4,1,SRB,0.406515613505427,0.2,[2. 1. 1. 1. 1. 1. 1. 2. 1. 1.]
100,4,1,Borda,0.398961984879728,1.0,[2. 2. 2. 2. 2. 2. 2. 2. 2. 2.]
100,4,1,SRC,0.4583155004971685,0.3,[2. 2. 3. 0. 1. 2. 0. 0. 3. 3.]
100,4,1,Plurality,0.398961984879728,1.0,[2. 2. 2. 2. 2. 2. 2. 2. 2. 2.]
100,4,2,IRV,0.5381685095360563,0.0,[3. 3. 3. 3. 3. 3. 3. 3. 3. 3.]
100,4,2,SRB,0.5205438023999139,0.1,[2. 2. 1. 3. 3. 3. 2. 3. 2. 3.]
100,4,2,Borda,0.5739223922609511,0.0,[0. 0. 0. 0. 0. 0. 0. 0. 0. 0.]
100,4,2,SRC,0.5223964255997002,0.1,[3. 3. 2. 2. 2. 2. 1. 2. 2. 2.]
100,4,2,Plurality,0.5381685095360563,0.0,[3. 3. 3. 3. 3. 3. 3. 3. 3. 3.]
100,4,3,IRV,0.32419390056835573,1.0,[3. 3. 3. 3. 3. 3. 3. 3. 3. 3.]
100,4,3,SRB,0.40737187275226133,0.1,[1. 2. 2. 2. 1. 1. 2. 2. 2. 3.]
100,4,3,Borda,0.32419390056835573,1.0,[3. 3. 3. 3. 3. 3. 3. 3. 3. 3.]
100,4,3,SRC,0.39918138130289893,0.3,[2. 1. 0. 3. 3. 1. 3. 0. 0. 1.]
100,4,3,Plurality,0.3814546784463088,0.0,[2. 2. 2. 2. 2. 2. 2. 2. 2. 2.]
100,4,5,IRV,0.41248338184693817,0.0,[1. 1. 1. 1. 1. 1. 1. 1. 1. 1.]
100,4,5,SRB,0.368616144405218,0.1,[1. 0. 1. 3. 0. 0. 1. 1. 1. 1.]
100,4,5,Borda,0.2961659190662597,1.0,[3. 3. 3. 3. 3. 3. 3. 3. 3. 3.]
100,4,5,SRC,0.31281185457200616,0.3,[0. 2. 0. 0. 3. 3. 3. 0. 2. 2.]
100,4,5,Plurality,0.305031744634764,0.0,[0. 0. 0. 0. 0. 0. 0. 0. 0. 0.]
100,4,10,IRV,0.21394355898248332,1.0,[0. 0. 0. 0. 0. 0. 0. 0. 0. 0.]
100,4,10,SRB,0.2259947967999639,0.5,[2. 2. 0. 0. 1. 0. 1. 1. 0. 0.]
100,4,10,Borda,0.21394355898248332,1.0,[0. 0. 0. 0. 0. 0. 0. 0. 0. 0.]
100,4,10,SRC,0.22933308255862603,0.4,[1. 0. 2. 3. 1. 1. 2. 0. 0. 0.]
100,4,10,Plurality,0.21394355898248332,1.0,[0. 0. 0. 0. 0. 0. 0. 0. 0. 0.]
100,5,1,IRV,0.4441388060062619,1.0,[0. 0. 0. 0. 0. 0. 0. 0. 0. 0.]
100,5,1,SRB,0.6348324390826188,0.6,[0. 4. 0. 0. 0. 1. 0. 4. 2. 0.]
100,5,1,Borda,0.4441388060062619,1.0,[0. 0. 0. 0. 0. 0. 0. 0. 0. 0.]
100,5,1,SRC,0.7220903191196999,0.1,[1. 0. 3. 3. 4. 2. 3. 1. 4. 2.]
100,5,1,Plurality,0.4441388060062619,1.0,[0. 0. 0. 0. 0. 0. 0. 0. 0. 0.]
100,5,2,IRV,0.34437888054982063,1.0,[0. 0. 0. 0. 0. 0. 0. 0. 0. 0.]
100,5,2,SRB,0.44723724899892003,0.4,[4. 3. 1. 0. 3. 0. 2. 0. 0. 1.]
100,5,2,Borda,0.34437888054982063,1.0,[0. 0. 0. 0. 0. 0. 0. 0. 0. 0.]
100,5,2,SRC,0.5065746667552526,0.1,[4. 3. 3. 4. 2. 0. 3. 2. 2. 4.]
100,5,2,Plurality,0.34437888054982063,1.0,[0. 0. 0. 0. 0. 0. 0. 0. 0. 0.]
100,5,3,IRV,0.2676820822335949,1.0,[0. 0. 0. 0. 0. 0. 0. 0. 0. 0.]
100,5,3,SRB,0.29761831462539495,0.7,[0. 3. 0. 0. 0. 0. 0. 3. 0. 1.]
100,5,3,Borda,0.2676820822335949,1.0,[0. 0. 0. 0. 0. 0. 0. 0. 0. 0.]
100,5,3,SRC,0.3399435997108719,0.3,[0. 3. 2. 3. 1. 0. 2. 0. 3. 1.]
100,5,3,Plurality,0.2676820822335949,1.0,[0. 0. 0. 0. 0. 0. 0. 0. 0. 0.]
100,5,5,IRV,0.3191832795831918,0.0,[4. 4. 4. 4. 4. 4. 4. 4. 4. 4.]
100,5,5,SRB,0.31178691178556966,0.3,[4. 3. 1. 3. 2. 1. 1. 2. 4. 3.]
100,5,5,Borda,0.3191832795831918,0.0,[4. 4. 4. 4. 4. 4. 4. 4. 4. 4.]
100,5,5,SRC,0.31523709032934893,0.3,[1. 2. 3. 2. 0. 0. 1. 2. 1. 3.]
100,5,5,Plurality,0.3191832795831918,0.0,[4. 4. 4. 4. 4. 4. 4. 4. 4. 4.]
100,5,10,IRV,0.212122156235665,1.0,[4. 4. 4. 4. 4. 4. 4. 4. 4. 4.]
100,5,10,SRB,0.2263045695714511,0.6,[4. 4. 2. 4. 1. 4. 4. 0. 4. 0.]
100,5,10,Borda,0.212122156235665,1.0,[4. 4. 4. 4. 4. 4. 4. 4. 4. 4.]
100,5,10,SRC,0.24531069683359016,0.1,[2. 4. 2. 2. 1. 0. 0. 2. 1. 3.]
100,5,10,Plurality,0.212122156235665,1.0,[4. 4. 4. 4. 4. 4. 4. 4. 4. 4.]
100,10,1,IRV,0.5212728962321556,0.0,[6. 6. 6. 6. 6. 6. 6. 6. 6. 6.]
100,10,1,SRB,0.6720573861493719,0.0,[6. 6. 3. 6. 3. 3. 6. 6. 6. 6.]
100,10,1,Borda,0.5212728962321556,0.0,[6. 6. 6. 6. 6. 6. 6. 6. 6. 6.]
100,10,1,SRC,0.6856595459599181,0.1,[7. 8. 9. 4. 3. 6. 2. 1. 9. 8.]
100,10,1,Plurality,0.5212728962321556,0.0,[6. 6. 6. 6. 6. 6. 6. 6. 6. 6.]
100,10,2,IRV,0.6081495185292856,0.0,[1. 1. 1. 1. 1. 1. 1. 1. 1. 1.]
100,10,2,SRB,0.5757424162468368,0.0,[4. 4. 4. 1. 1. 1. 3. 2. 2. 1.]
100,10,2,Borda,0.48046556863969075,0.0,[9. 9. 9. 9. 9. 9. 9. 9. 9. 9.]
100,10,2,SRC,0.46676646489158946,0.1,[5. 9. 8. 5. 0. 6. 4. 7. 9. 9.]
100,10,2,Plurality,0.6081495185292856,0.0,[1. 1. 1. 1. 1. 1. 1. 1. 1. 1.]
100,10,3,IRV,0.392741296556475,0.0,[4. 4. 4. 4. 4. 4. 4. 4. 4. 4.]
100,10,3,SRB,0.39143498735103616,0.0,[4. 0. 1. 4. 2. 1. 5. 0. 1. 4.]
100,10,3,Borda,0.392741296556475,0.0,[4. 4. 4. 4. 4. 4. 4. 4. 4. 4.]
100,10,3,SRC,0.37366416838065486,0.1,[9. 1. 4. 1. 4. 7. 9. 3. 9. 7.]
100,10,3,Plurality,0.392741296556475,0.0,[4. 4. 4. 4. 4. 4. 4. 4. 4. 4.]
100,10,5,IRV,0.31357061027363897,0.0,[5. 5. 5. 5. 5. 5. 5. 5. 5. 5.]
100,10,5,SRB,0.3412904108082291,0.0,[3. 4. 3. 5. 1. 5. 5. 4. 5. 5.]
100,10,5,Borda,0.31491229477067273,0.0,[9. 9. 9. 9. 9. 9. 9. 9. 9. 9.]
100,10,5,SRC,0.347160857036488,0.0,[6. 3. 6. 5. 2. 4. 2. 0. 3. 3.]
100,10,5,Plurality,0.31357061027363897,0.0,[5. 5. 5. 5. 5. 5. 5. 5. 5. 5.]
100,10,10,IRV,0.23494487806662706,0.0,[9. 9. 9. 9. 9. 9. 9. 9. 9. 9.]
100,10,10,SRB,0.23965670315296989,0.0,[9. 9. 9. 9. 9. 9. 8. 8. 9. 9.]
100,10,10,Borda,0.23494487806662706,0.0,[9. 9. 9. 9. 9. 9. 9. 9. 9. 9.]
100,10,10,SRC,0.24063637382511596,0.0,[2. 0. 8. 0. 7. 7. 1. 8. 7. 1.]
100,10,10,Plurality,0.23494487806662706,0.0,[9. 9. 9. 9. 9. 9. 9. 9. 9. 9.]
500,2,1,IRV,0.40328481671961225,1.0,[0. 0. 0. 0. 0. 0. 0. 0. 0. 0.]
500,2,1,SRB,0.44147775214113316,0.6,[1. 0. 0. 0. 1. 0. 1. 1. 0. 0.]
500,2,1,Borda,0.40328481671961225,1.0,[0. 0. 0. 0. 0. 0. 0. 0. 0. 0.]
500,2,1,SRC,0.4701224537072739,0.3,[1. 0. 0. 1. 1. 1. 1. 1. 0. 1.]
500,2,1,Plurality,0.40328481671961225,1.0,[0. 0. 0. 0. 0. 0. 0. 0. 0. 0.]
500,2,2,IRV,0.5587663560936258,1.0,[0. 0. 0. 0. 0. 0. 0. 0. 0. 0.]
500,2,2,SRB,0.5587663560936258,1.0,[0. 0. 0. 0. 0. 0. 0. 0. 0. 0.]
500,2,2,Borda,0.5587663560936258,1.0,[0. 0. 0. 0. 0. 0. 0. 0. 0. 0.]
500,2,2,SRC,0.6000540330597248,0.6,[0. 1. 0. 0. 0. 1. 1. 0. 0. 1.]
500,2,2,Plurality,0.5587663560936258,1.0,[0. 0. 0. 0. 0. 0. 0. 0. 0. 0.]
500,2,3,IRV,0.3233516804694255,1.0,[1. 1. 1. 1. 1. 1. 1. 1. 1. 1.]
500,2,3,SRB,0.336616671868911,0.5,[1. 1. 0. 0. 0. 1. 0. 1. 0. 1.]
500,2,3,Borda,0.3233516804694255,1.0,[1. 1. 1. 1. 1. 1. 1. 1. 1. 1.]
500,2,3,SRC,0.33131067530911673,0.7,[1. 0. 1. 1. 1. 1. 1. 0. 0. 1.]
500,2,3,Plurality,0.3233516804694255,1.0,[1. 1. 1. 1. 1. 1. 1. 1. 1. 1.]
500,2,5,IRV,0.2941217380407769,1.0,[0. 0. 0. 0. 0. 0. 0. 0. 0. 0.]
500,2,5,SRB,0.29662044304147983,0.7,[0. 1. 0. 1. 0. 1. 0. 0. 0. 0.]
500,2,5,Borda,0.2941217380407769,1.0,[0. 0. 0. 0. 0. 0. 0. 0. 0. 0.]
500,2,5,SRC,0.2982862463752818,0.5,[0. 1. 1. 0. 0. 0. 1. 1. 1. 0.]
500,2,5,Plurality,0.2941217380407769,1.0,[0. 0. 0. 0. 0. 0. 0. 0. 0. 0.]
500,2,10,IRV,0.26478526827004767,1.0,[0. 0. 0. 0. 0. 0. 0. 0. 0. 0.]
500,2,10,SRB,0.26567053861298906,0.9,[0. 0. 0. 0. 0. 0. 0. 0. 1. 0.]
500,2,10,Borda,0.26478526827004767,1.0,[0. 0. 0. 0. 0. 0. 0. 0. 0. 0.]
500,2,10,SRC,0.27275270135652036,0.1,[0. 1. 1. 1. 1. 1. 1. 1. 1. 1.]
500,2,10,Plurality,0.26478526827004767,1.0,[0. 0. 0. 0. 0. 0. 0. 0. 0. 0.]
500,3,1,IRV,0.4027443092082515,1.0,[0. 0. 0. 0. 0. 0. 0. 0. 0. 0.]
500,3,1,SRB,0.4663879376359669,0.8,[2. 0. 0. 0. 0. 1. 0. 0. 0. 0.]
500,3,1,Borda,0.4027443092082515,1.0,[0. 0. 0. 0. 0. 0. 0. 0. 0. 0.]
500,3,1,SRC,0.5634630976083815,0.4,[1. 0. 2. 0. 1. 0. 2. 0. 2. 2.]
500,3,1,Plurality,0.4027443092082515,1.0,[0. 0. 0. 0. 0. 0. 0. 0. 0. 0.]
500,3,2,IRV,0.4681997842734023,1.0,[1. 1. 1. 1. 1. 1. 1. 1. 1. 1.]
500,3,2,SRB,0.4681997842734023,1.0,[1. 1. 1. 1. 1. 1. 1. 1. 1. 1.]
500,3,2,Borda,0.4681997842734023,1.0,[1. 1. 1. 1. 1. 1. 1. 1. 1. 1.]
500,3,2,SRC,0.5903067063988502,0.2,[1. 2. 0. 2. 0. 1. 2. 2. 2. 2.]
500,3,2,Plurality,0.4681997842734023,1.0,[1. 1. 1. 1. 1. 1. 1. 1. 1. 1.]
500,3,3,IRV,0.3822075574617877,1.0,[1. 1. 1. 1. 1. 1. 1. 1. 1. 1.]
500,3,3,SRB,0.40009980046138216,0.8,[1. 1. 1. 1. 1. 2. 1. 1. 2. 1.]
500,3,3,Borda,0.3822075574617877,1.0,[1. 1. 1. 1. 1. 1. 1. 1. 1. 1.]
500,3,3,SRC,0.43144642783878007,0.4,[2. 1. 1. 2. 0. 1. 2. 2. 2. 1.]
500,3,3,Plurality,0.3822075574617877,1.0,[1. 1. 1. 1. 1. 1. 1. 1. 1. 1.]
500,3,5,IRV,0.31303431607257404,1.0,[1. 1. 1. 1. 1. 1. 1. 1. 1. 1.]
500,3,5,SRB,0.3424311618900576,0.5,[2. 1. 1. 2. 2. 1. 1. 1. 2. 2.]
500,3,5,Borda,0.3513894836053946,0.0,[0. 0. 0. 0. 0. 0. 0. 0. 0. 0.]
500,3,5,SRC,0.34038730947984297,0.5,[1. 1. 1. 2. 1. 2. 0. 2. 2. 1.]
500,3,5,Plurality,0.3718280077075412,0.0,[2. 2. 2. 2. 2. 2. 2. 2. 2. 2.]
500,3,10,IRV,0.20865021485854043,1.0,[2. 2. 2. 2. 2. 2. 2. 2. 2. 2.]
500,3,10,SRB,0.2222997087373891,0.5,[1. 2. 1. 2. 2. 1. 2. 1. 1. 2.]
500,3,10,Borda,0.20865021485854043,1.0,[2. 2. 2. 2. 2. 2. 2. 2. 2. 2.]
500,3,10,SRC,0.21890091108293191,0.6,[2. 0. 1. 2. 2. 2. 2. 1. 0. 2.]
500,3,10,Plurality,0.23594920261623784,0.0,[1. 1. 1. 1. 1. 1. 1. 1. 1. 1.]
500,4,1,IRV,0.40161857680483337,1.0,[1. 1. 1. 1. 1. 1. 1. 1. 1. 1.]
500,4,1,SRB,0.48791768787838813,0.6,[1. 2. 1. 2. 1. 2. 1. 0. 1. 1.]
500,4,1,Borda,0.40161857680483337,1.0,[1. 1. 1. 1. 1. 1. 1. 1. 1. 1.]
500,4,1,SRC,0.5047925919030376,0.5,[1. 1. 1. 1. 3. 2. 2. 3. 1. 2.]
500,4,1,Plurality,0.40161857680483337,1.0,[1. 1. 1. 1. 1. 1. 1. 1. 1. 1.]
500,4,2,IRV,0.31062653543433877,1.0,[0. 0. 0. 0. 0. 0. 0. 0. 0. 0.]
500,4,2,SRB,0.4513174094896361,0.5,[3. 0. 2. 0. 2. 0. 3. 2. 0. 0.]
500,4,2,Borda,0.31062653543433877,1.0,[0. 0. 0. 0. 0. 0. 0. 0. 0. 0.]
500,4,2,SRC,0.5169150089997684,0.2,[1. 0. 1. 1. 2. 3. 3. 2. 0. 2.]
500,4,2,Plurality,0.31062653543433877,1.0,[0. 0. 0. 0. 0. 0. 0. 0. 0. 0.]
500,4,3,IRV,0.429989015871367,0.0,[3. 3. 3. 3. 3. 3. 3. 3. 3. 3.]
500,4,3,SRB,0.4138933397187654,0.0,[3. 0. 3. 3. 3. 3. 2. 2. 3. 2.]
500,4,3,Borda,0.45476835730682136,0.0,[0. 0. 0. 0. 0. 0. 0. 0. 0. 0.]
500,4,3,SRC,0.3731958794735015,0.3,[1. 2. 0. 0. 1. 3. 1. 3. 2. 2.]
500,4,3,Plurality,0.429989015871367,0.0,[3. 3. 3. 3. 3. 3. 3. 3. 3. 3.]
500,4,5,IRV,0.30375871991824754,0.0,[3. 3. 3. 3. 3. 3. 3. 3. 3. 3.]
500,4,5,SRB,0.29971936329304794,0.0,[3. 3. 3. 3. 2. 2. 3. 3. 3. 3.]
500,4,5,Borda,0.30375871991824754,0.0,[3. 3. 3. 3. 3. 3. 3. 3. 3. 3.]
500,4,5,SRC,0.2762188588089862,0.5,[1. 1. 1. 3. 2. 1. 2. 0. 1. 3.]
500,4,5,Plurality,0.30375871991824754,0.0,[3. 3. 3. 3. 3. 3. 3. 3. 3. 3.]
500,4,10,IRV,0.2109361071095724,0.0,[2. 2. 2. 2. 2. 2. 2. 2. 2. 2.]
500,4,10,SRB,0.2109361071095724,0.0,[2. 2. 2. 2. 2. 2. 2. 2. 2. 2.]
500,4,10,Borda,0.2109361071095724,0.0,[2. 2. 2. 2. 2. 2. 2. 2. 2. 2.]
500,4,10,SRC,0.23060861574994532,0.2,[2. 1. 3. 2. 1. 2. 0. 0. 3. 0.]
500,4,10,Plurality,0.2109361071095724,0.0,[2. 2. 2. 2. 2. 2. 2. 2. 2. 2.]
500,5,1,IRV,0.8878381050943526,0.0,[2. 2. 2. 2. 2. 2. 2. 2. 2. 2.]
500,5,1,SRB,0.8108342825846808,0.0,[0. 2. 0. 2. 2. 2. 2. 2. 2. 2.]
500,5,1,Borda,0.8878381050943526,0.0,[2. 2. 2. 2. 2. 2. 2. 2. 2. 2.]
500,5,1,SRC,0.5862508301655038,0.2,[0. 0. 1. 0. 4. 4. 3. 2. 2. 1.]
500,5,1,Plurality,0.8878381050943526,0.0,[2. 2. 2. 2. 2. 2. 2. 2. 2. 2.]
500,5,2,IRV,0.33904681381136237,1.0,[1. 1. 1. 1. 1. 1. 1. 1. 1. 1.]
500,5,2,SRB,0.3884292073808148,0.5,[1. 1. 1. 1. 1. 3. 0. 2. 2. 0.]
500,5,2,Borda,0.33904681381136237,1.0,[1. 1. 1. 1. 1. 1. 1. 1. 1. 1.]
500,5,2,SRC,0.42907556824767956,0.1,[4. 0. 0. 2. 3. 0. 0. 0. 1. 4.]
500,5,2,Plurality,0.33904681381136237,1.0,[1. 1. 1. 1. 1. 1. 1. 1. 1. 1.]
500,5,3,IRV,0.3429231638503558,0.0,[4. 4. 4. 4. 4. 4. 4. 4. 4. 4.]
500,5,3,SRB,0.3703188254155418,0.0,[3. 4. 0. 3. 3. 0. 3. 3. 4. 3.]
500,5,3,Borda,0.3429231638503558,0.0,[4. 4. 4. 4. 4. 4. 4. 4. 4. 4.]
500,5,3,SRC,0.3583359315860189,0.3,[1. 2. 3. 1. 3. 1. 3. 3. 2. 4.]
500,5,3,Plurality,0.3429231638503558,0.0,[4. 4. 4. 4. 4. 4. 4. 4. 4. 4.]
500,5,5,IRV,0.3412695766809728,0.0,[4. 4. 4. 4. 4. 4. 4. 4. 4. 4.]
500,5,5,SRB,0.32736655261991493,0.4,[2. 3. 4. 4. 3. 2. 2. 2. 3. 3.]
500,5,5,Borda,0.3412695766809728,0.0,[4. 4. 4. 4. 4. 4. 4. 4. 4. 4.]
500,5,5,SRC,0.3484204471672231,0.1,[0. 4. 3. 2. 4. 4. 0. 2. 0. 1.]
500,5,5,Plurality,0.3412695766809728,0.0,[4. 4. 4. 4. 4. 4. 4. 4. 4. 4.]
500,5,10,IRV,0.24080567249447787,0.0,[1. 1. 1. 1. 1. 1. 1. 1. 1. 1.]
500,5,10,SRB,0.2446952447606876,0.4,[1. 1. 0. 2. 0. 3. 1. 0. 1. 0.]
500,5,10,Borda,0.24080567249447787,0.0,[1. 1. 1. 1. 1. 1. 1. 1. 1. 1.]
500,5,10,SRC,0.2584468248067958,0.1,[0. 2. 4. 1. 3. 3. 3. 3. 4. 2.]
500,5,10,Plurality,0.24080567249447787,0.0,[1. 1. 1. 1. 1. 1. 1. 1. 1. 1.]
500,10,1,IRV,0.5065864589602586,0.0,[5. 5. 5. 5. 5. 5. 5. 5. 5. 5.]
500,10,1,SRB,0.5064015630857802,0.0,[5. 5. 0. 5. 5. 5. 4. 5. 5. 5.]
500,10,1,Borda,0.5065864589602586,0.0,[5. 5. 5. 5. 5. 5. 5. 5. 5. 5.]
500,10,1,SRC,0.6175699095534058,0.1,[9. 0. 3. 1. 6. 6. 7. 6. 4. 7.]
500,10,1,Plurality,0.5065864589602586,0.0,[5. 5. 5. 5. 5. 5. 5. 5. 5. 5.]
500,10,2,IRV,0.575892149957925,0.0,[7. 7. 7. 7. 7. 7. 7. 7. 7. 7.]
500,10,2,SRB,0.4949818049607139,0.0,[7. 7. 7. 7. 6. 6. 6. 7. 6. 7.]
500,10,2,Borda,0.5969340099600322,0.0,[9. 9. 9. 9. 9. 9. 9. 9. 9. 9.]
500,10,2,SRC,0.4418495649653675,0.2,[0. 1. 5. 2. 6. 6. 6. 3. 2. 8.]
500,10,2,Plurality,0.575892149957925,0.0,[7. 7. 7. 7. 7. 7. 7. 7. 7. 7.]
500,10,3,IRV,0.44375935075013856,0.0,[5. 5. 5. 5. 5. 5. 5. 5. 5. 5.]
500,10,3,SRB,0.3863954610627105,0.1,[0. 4. 8. 6. 6. 4. 5. 7. 2. 6.]
500,10,3,Borda,0.4794486571636371,0.0,[4. 4. 4. 4. 4. 4. 4. 4. 4. 4.]
500,10,3,SRC,0.3590117009893665,0.2,[7. 6. 9. 4. 2. 8. 9. 0. 2. 1.]
500,10,3,Plurality,0.3237534703774952,0.0,[6. 6. 6. 6. 6. 6. 6. 6. 6. 6.]
500,10,5,IRV,0.38930318163314215,0.0,[1. 1. 1. 1. 1. 1. 1. 1. 1. 1.]
500,10,5,SRB,0.3553714437148609,0.0,[1. 1. 0. 1. 2. 3. 1. 3. 1. 2.]
500,10,5,Borda,0.38930318163314215,0.0,[1. 1. 1. 1. 1. 1. 1. 1. 1. 1.]
500,10,5,SRC,0.32972947929491925,0.0,[8. 2. 3. 2. 6. 7. 1. 2. 0. 0.]
500,10,5,Plurality,0.38930318163314215,0.0,[1. 1. 1. 1. 1. 1. 1. 1. 1. 1.]
500,10,10,IRV,0.24178930302669915,0.0,[9. 9. 9. 9. 9. 9. 9. 9. 9. 9.]
500,10,10,SRB,0.24260104391133655,0.0,[7. 3. 2. 6. 7. 9. 6. 7. 6. 2.]
500,10,10,Borda,0.24178930302669915,0.0,[9. 9. 9. 9. 9. 9. 9. 9. 9. 9.]
500,10,10,SRC,0.24291695738286828,0.0,[7. 2. 6. 7. 9. 6. 3. 8. 6. 5.]
500,10,10,Plurality,0.24178930302669915,0.0,[9. 9. 9. 9. 9. 9. 9. 9. 9. 9.]
1000,2,1,IRV,0.41496510747724197,1.0,[1. 1. 1. 1. 1. 1. 1. 1. 1. 1.]
1000,2,1,SRB,0.4604763516098037,0.7,[1. 0. 1. 1. 1. 1. 1. 0. 1. 0.]
1000,2,1,Borda,0.41496510747724197,1.0,[1. 1. 1. 1. 1. 1. 1. 1. 1. 1.]
1000,2,1,SRC,0.4301355221880959,0.9,[0. 1. 1. 1. 1. 1. 1. 1. 1. 1.]
1000,2,1,Plurality,0.41496510747724197,1.0,[1. 1. 1. 1. 1. 1. 1. 1. 1. 1.]
1000,2,2,IRV,0.5853593479266379,1.0,[0. 0. 0. 0. 0. 0. 0. 0. 0. 0.]
1000,2,2,SRB,0.600524273706062,0.8,[0. 0. 0. 1. 0. 0. 0. 1. 0. 0.]
1000,2,2,Borda,0.5853593479266379,1.0,[0. 0. 0. 0. 0. 0. 0. 0. 0. 0.]
1000,2,2,SRC,0.623271662375198,0.5,[1. 0. 1. 0. 1. 1. 0. 0. 0. 1.]
1000,2,2,Plurality,0.5853593479266379,1.0,[0. 0. 0. 0. 0. 0. 0. 0. 0. 0.]
1000,2,3,IRV,0.32117796634948526,1.0,[1. 1. 1. 1. 1. 1. 1. 1. 1. 1.]
1000,2,3,SRB,0.3281899709263296,0.9,[1. 1. 1. 1. 1. 1. 1. 1. 1. 0.]
1000,2,3,Borda,0.32117796634948526,1.0,[1. 1. 1. 1. 1. 1. 1. 1. 1. 1.]
1000,2,3,SRC,0.356237989233707,0.5,[1. 0. 1. 1. 0. 0. 0. 1. 1. 0.]
1000,2,3,Plurality,0.32117796634948526,1.0,[1. 1. 1. 1. 1. 1. 1. 1. 1. 1.]
1000,2,5,IRV,0.3195986342604994,1.0,[1. 1. 1. 1. 1. 1. 1. 1. 1. 1.]
1000,2,5,SRB,0.3195986342604994,1.0,[1. 1. 1. 1. 1. 1. 1. 1. 1. 1.]
1000,2,5,Borda,0.3195986342604994,1.0,[1. 1. 1. 1. 1. 1. 1. 1. 1. 1.]
1000,2,5,SRC,0.3405657371205731,0.4,[0. 0. 1. 0. 1. 0. 1. 0. 1. 0.]
1000,2,5,Plurality,0.3195986342604994,1.0,[1. 1. 1. 1. 1. 1. 1. 1. 1. 1.]
1000,2,10,IRV,0.21375254862309684,1.0,[1. 1. 1. 1. 1. 1. 1. 1. 1. 1.]
1000,2,10,SRB,0.21839887828858742,0.7,[1. 1. 0. 1. 0. 0. 1. 1. 1. 1.]
1000,2,10,Borda,0.21375254862309684,1.0,[1. 1. 1. 1. 1. 1. 1. 1. 1. 1.]
1000,2,10,SRC,0.22304520795407795,0.4,[1. 1. 0. 1. 0. 1. 0. 0. 0. 0.]
1000,2,10,Plurality,0.21375254862309684,1.0,[1. 1. 1. 1. 1. 1. 1. 1. 1. 1.]
1000,3,1,IRV,0.523958609609177,0.0,[1. 1. 1. 1. 1. 1. 1. 1. 1. 1.]
1000,3,1,SRB,0.5158345939246631,0.0,[1. 1. 1. 1. 1. 1. 1. 0. 1. 1.]
1000,3,1,Borda,0.523958609609177,0.0,[1. 1. 1. 1. 1. 1. 1. 1. 1. 1.]
1000,3,1,SRC,0.4262487109524005,0.5,[0. 2. 2. 0. 1. 0. 2. 0. 2. 2.]
1000,3,1,Plurality,0.523958609609177,0.0,[1. 1. 1. 1. 1. 1. 1. 1. 1. 1.]
1000,3,2,IRV,0.33961134273045446,1.0,[0. 0. 0. 0. 0. 0. 0. 0. 0. 0.]
1000,3,2,SRB,0.34974044064520077,0.7,[1. 0. 0. 0. 1. 0. 0. 1. 0. 0.]
1000,3,2,Borda,0.33961134273045446,1.0,[0. 0. 0. 0. 0. 0. 0. 0. 0. 0.]
1000,3,2,SRC,0.40509257585039526,0.2,[1. 2. 0. 1. 1. 1. 1. 0. 2. 2.]
1000,3,2,Plurality,0.33961134273045446,1.0,[0. 0. 0. 0. 0. 0. 0. 0. 0. 0.]
1000,3,3,IRV,0.5206069301742444,0.0,[1. 1. 1. 1. 1. 1. 1. 1. 1. 1.]
1000,3,3,SRB,0.4925866462464987,0.4,[1. 2. 1. 2. 1. 1. 1. 2. 2. 1.]
1000,3,3,Borda,0.5206069301742444,0.0,[1. 1. 1. 1. 1. 1. 1. 1. 1. 1.]
1000,3,3,SRC,0.4799604874733103,0.5,[2. 1. 1. 2. 1. 2. 2. 0. 0. 2.]
1000,3,3,Plurality,0.5206069301742444,0.0,[1. 1. 1. 1. 1. 1. 1. 1. 1. 1.]
1000,3,5,IRV,0.3498378603787581,0.0,[2. 2. 2. 2. 2. 2. 2. 2. 2. 2.]
1000,3,5,SRB,0.3475221602846384,0.1,[2. 2. 2. 2. 1. 2. 2. 2. 2. 2.]
1000,3,5,Borda,0.3498378603787581,0.0,[2. 2. 2. 2. 2. 2. 2. 2. 2. 2.]
1000,3,5,SRC,0.34920308738167705,0.3,[1. 2. 1. 2. 2. 0. 0. 2. 1. 0.]
1000,3,5,Plurality,0.3498378603787581,0.0,[2. 2. 2. 2. 2. 2. 2. 2. 2. 2.]
1000,3,10,IRV,0.19613600901388822,1.0,[1. 1. 1. 1. 1. 1. 1. 1. 1. 1.]
1000,3,10,SRB,0.22000159890105983,0.3,[1. 0. 1. 2. 2. 2. 2. 2. 1. 2.]
1000,3,10,Borda,0.22859439915429286,0.0,[0. 0. 0. 0. 0. 0. 0. 0. 0. 0.]
1000,3,10,SRC,0.22286586565213748,0.2,[0. 0. 2. 2. 1. 0. 0. 1. 2. 2.]
1000,3,10,Plurality,0.2305022604691068,0.0,[2. 2. 2. 2. 2. 2. 2. 2. 2. 2.]
1000,4,1,IRV,0.43631106336647607,1.0,[0. 0. 0. 0. 0. 0. 0. 0. 0. 0.]
1000,4,1,SRB,0.5412275518735605,0.8,[0. 0. 0. 0. 0. 0. 1. 0. 0. 3.]
1000,4,1,Borda,0.43631106336647607,1.0,[0. 0. 0. 0. 0. 0. 0. 0. 0. 0.]
1000,4,1,SRC,0.7795102888798946,0.2,[2. 2. 2. 1. 3. 3. 0. 2. 0. 1.]
1000,4,1,Plurality,0.43631106336647607,1.0,[0. 0. 0. 0. 0. 0. 0. 0. 0. 0.]
1000,4,2,IRV,0.3392695327725402,1.0,[1. 1. 1. 1. 1. 1. 1. 1. 1. 1.]
1000,4,2,SRB,0.47214276295415286,0.2,[0. 1. 3. 2. 0. 1. 3. 2. 3. 3.]
1000,4,2,Borda,0.46678389658727115,0.0,[0. 0. 0. 0. 0. 0. 0. 0. 0. 0.]
1000,4,2,SRC,0.4444863933536605,0.3,[0. 2. 1. 1. 2. 1. 3. 0. 3. 2.]
1000,4,2,Plurality,0.5426234035471043,0.0,[3. 3. 3. 3. 3. 3. 3. 3. 3. 3.]
1000,4,3,IRV,0.4086089085661069,0.0,[2. 2. 2. 2. 2. 2. 2. 2. 2. 2.]
1000,4,3,SRB,0.40728139066604496,0.2,[2. 3. 3. 2. 2. 2. 2. 2. 2. 2.]
1000,4,3,Borda,0.4086089085661069,0.0,[2. 2. 2. 2. 2. 2. 2. 2. 2. 2.]
1000,4,3,SRC,0.4475871776260892,0.4,[3. 3. 3. 0. 2. 0. 1. 3. 0. 1.]
1000,4,3,Plurality,0.4086089085661069,0.0,[2. 2. 2. 2. 2. 2. 2. 2. 2. 2.]
1000,4,5,IRV,0.37322165724492334,0.0,[2. 2. 2. 2. 2. 2. 2. 2. 2. 2.]
1000,4,5,SRB,0.3538353103874308,0.1,[2. 2. 1. 3. 2. 2. 2. 2. 2. 2.]
1000,4,5,Borda,0.37322165724492334,0.0,[2. 2. 2. 2. 2. 2. 2. 2. 2. 2.]
1000,4,5,SRC,0.31842018920434867,0.2,[3. 1. 0. 2. 2. 0. 1. 0. 3. 0.]
1000,4,5,Plurality,0.37322165724492334,0.0,[2. 2. 2. 2. 2. 2. 2. 2. 2. 2.]
1000,4,10,IRV,0.22473202622651206,0.0,[3. 3. 3. 3. 3. 3. 3. 3. 3. 3.]
1000,4,10,SRB,0.2286878695613114,0.0,[3. 2. 3. 3. 2. 3. 2. 2. 3. 3.]
1000,4,10,Borda,0.22473202622651206,0.0,[3. 3. 3. 3. 3. 3. 3. 3. 3. 3.]
1000,4,10,SRC,0.22530786760128363,0.3,[0. 3. 1. 2. 1. 1. 3. 0. 3. 0.]
1000,4,10,Plurality,0.22473202622651206,0.0,[3. 3. 3. 3. 3. 3. 3. 3. 3. 3.]
1000,5,1,IRV,0.7949342357665355,0.0,[1. 1. 1. 1. 1. 1. 1. 1. 1. 1.]
1000,5,1,SRB,0.7156240509699361,0.1,[1. 0. 1. 1. 1. 1. 1. 1. 3. 1.]
1000,5,1,Borda,0.7949342357665355,0.0,[1. 1. 1. 1. 1. 1. 1. 1. 1. 1.]
1000,5,1,SRC,0.7708497221951949,0.1,[4. 2. 1. 1. 4. 3. 1. 4. 2. 1.]
1000,5,1,Plurality,0.7949342357665355,0.0,[1. 1. 1. 1. 1. 1. 1. 1. 1. 1.]
1000,5,2,IRV,0.561297429652213,0.0,[1. 1. 1. 1. 1. 1. 1. 1. 1. 1.]
1000,5,2,SRB,0.5366555358380488,0.1,[1. 1. 1. 3. 1. 1. 1. 1. 0. 0.]
1000,5,2,Borda,0.561297429652213,0.0,[1. 1. 1. 1. 1. 1. 1. 1. 1. 1.]
1000,5,2,SRC,0.5443143580403482,0.2,[0. 0. 2. 3. 3. 1. 1. 4. 0. 2.]
1000,5,2,Plurality,0.561297429652213,0.0,[1. 1. 1. 1. 1. 1. 1. 1. 1. 1.]
1000,5,3,IRV,0.415414413744524,0.0,[3. 3. 3. 3. 3. 3. 3. 3. 3. 3.]
1000,5,3,SRB,0.4580571057754385,0.1,[1. 2. 2. 3. 3. 1. 3. 4. 1. 1.]
1000,5,3,Borda,0.40951695897367524,1.0,[4. 4. 4. 4. 4. 4. 4. 4. 4. 4.]
1000,5,3,SRC,0.4585578756515341,0.0,[0. 1. 1. 1. 1. 3. 0. 3. 0. 0.]
1000,5,3,Plurality,0.415414413744524,0.0,[3. 3. 3. 3. 3. 3. 3. 3. 3. 3.]
1000,5,5,IRV,0.2786207120468686,1.0,[3. 3. 3. 3. 3. 3. 3. 3. 3. 3.]
1000,5,5,SRB,0.3200140684310179,0.5,[3. 3. 4. 4. 1. 3. 3. 3. 2. 2.]
1000,5,5,Borda,0.2786207120468686,1.0,[3. 3. 3. 3. 3. 3. 3. 3. 3. 3.]
1000,5,5,SRC,0.33520136482020446,0.1,[0. 0. 1. 1. 1. 0. 2. 4. 1. 3.]
1000,5,5,Plurality,0.2786207120468686,1.0,[3. 3. 3. 3. 3. 3. 3. 3. 3. 3.]
1000,5,10,IRV,0.22814516992238745,1.0,[1. 1. 1. 1. 1. 1. 1. 1. 1. 1.]
1000,5,10,SRB,0.24447877614945046,0.4,[1. 1. 4. 1. 2. 3. 2. 1. 2. 3.]
1000,5,10,Borda,0.22814516992238745,1.0,[1. 1. 1. 1. 1. 1. 1. 1. 1. 1.]
1000,5,10,SRC,0.2539750323916735,0.2,[4. 0. 1. 4. 3. 2. 2. 1. 0. 4.]
1000,5,10,Plurality,0.22814516992238745,1.0,[1. 1. 1. 1. 1. 1. 1. 1. 1. 1.]
1000,10,1,IRV,0.8084027151338822,0.0,[2. 2. 2. 2. 2. 2. 2. 2. 2. 2.]
1000,10,1,SRB,0.755916587267772,0.0,[7. 7. 2. 2. 2. 7. 2. 1. 2. 2.]
1000,10,1,Borda,0.4162410287475556,0.0,[1. 1. 1. 1. 1. 1. 1. 1. 1. 1.]
1000,10,1,SRC,0.5248867743485471,0.1,[5. 0. 3. 1. 9. 6. 0. 4. 7. 8.]
1000,10,1,Plurality,0.8084027151338822,0.0,[2. 2. 2. 2. 2. 2. 2. 2. 2. 2.]
1000,10,2,IRV,0.6465055104761671,0.0,[6. 6. 6. 6. 6. 6. 6. 6. 6. 6.]
1000,10,2,SRB,0.6408145726944356,0.0,[6. 6. 6. 2. 6. 6. 6. 6. 6. 6.]
1000,10,2,Borda,0.6465055104761671,0.0,[6. 6. 6. 6. 6. 6. 6. 6. 6. 6.]
1000,10,2,SRC,0.4424888431908885,0.0,[8. 8. 1. 3. 8. 2. 8. 3. 8. 6.]
1000,10,2,Plurality,0.6465055104761671,0.0,[6. 6. 6. 6. 6. 6. 6. 6. 6. 6.]
1000,10,3,IRV,0.4205463481170761,0.0,[3. 3. 3. 3. 3. 3. 3. 3. 3. 3.]
1000,10,3,SRB,0.42216708494355404,0.1,[0. 0. 7. 0. 7. 7. 1. 4. 7. 2.]
1000,10,3,Borda,0.36610260811494294,0.0,[0. 0. 0. 0. 0. 0. 0. 0. 0. 0.]
1000,10,3,SRC,0.379833430972894,0.1,[0. 5. 9. 0. 7. 1. 2. 5. 1. 1.]
1000,10,3,Plurality,0.5310672982808401,0.0,[7. 7. 7. 7. 7. 7. 7. 7. 7. 7.]
1000,10,5,IRV,0.29324040593273726,0.0,[3. 3. 3. 3. 3. 3. 3. 3. 3. 3.]
1000,10,5,SRB,0.31332887966554573,0.1,[5. 4. 2. 1. 5. 4. 3. 6. 2. 5.]
1000,10,5,Borda,0.29324040593273726,0.0,[3. 3. 3. 3. 3. 3. 3. 3. 3. 3.]
1000,10,5,SRC,0.31094070379305366,0.1,[5. 5. 8. 9. 1. 2. 5. 8. 8. 2.]
1000,10,5,Plurality,0.29324040593273726,0.0,[3. 3. 3. 3. 3. 3. 3. 3. 3. 3.]
1000,10,10,IRV,0.24004446786165307,0.0,[1. 1. 1. 1. 1. 1. 1. 1. 1. 1.]
1000,10,10,SRB,0.23827384180384423,0.2,[2. 1. 1. 0. 5. 2. 3. 6. 7. 1.]
1000,10,10,Borda,0.24004446786165307,0.0,[1. 1. 1. 1. 1. 1. 1. 1. 1. 1.]
1000,10,10,SRC,0.23579478018523137,0.1,[0. 3. 5. 5. 2. 4. 9. 1. 9. 1.]
1000,10,10,Plurality,0.24004446786165307,0.0,[1. 1. 1. 1. 1. 1. 1. 1. 1. 1.]
10000,2,1,IRV,0.5615946563100777,1.0,[0. 0. 0. 0. 0. 0. 0. 0. 0. 0.]
10000,2,1,SRB,0.646970823778301,0.7,[1. 0. 1. 0. 0. 1. 0. 0. 0. 0.]
10000,2,1,Borda,0.5615946563100777,1.0,[0. 0. 0. 0. 0. 0. 0. 0. 0. 0.]
10000,2,1,SRC,0.6754295462677087,0.6,[1. 1. 1. 0. 0. 0. 0. 1. 0. 0.]
10000,2,1,Plurality,0.5615946563100777,1.0,[0. 0. 0. 0. 0. 0. 0. 0. 0. 0.]
10000,2,2,IRV,0.5512467177706089,1.0,[1. 1. 1. 1. 1. 1. 1. 1. 1. 1.]
10000,2,2,SRB,0.5512467177706089,1.0,[1. 1. 1. 1. 1. 1. 1. 1. 1. 1.]
10000,2,2,Borda,0.5512467177706089,1.0,[1. 1. 1. 1. 1. 1. 1. 1. 1. 1.]
10000,2,2,SRC,0.585286647711076,0.6,[1. 0. 0. 1. 1. 1. 1. 0. 0. 1.]
10000,2,2,Plurality,0.5512467177706089,1.0,[1. 1. 1. 1. 1. 1. 1. 1. 1. 1.]
10000,2,3,IRV,0.3064360962531608,1.0,[1. 1. 1. 1. 1. 1. 1. 1. 1. 1.]
10000,2,3,SRB,0.3226833054235655,0.8,[1. 0. 1. 0. 1. 1. 1. 1. 1. 1.]
10000,2,3,Borda,0.3064360962531608,1.0,[1. 1. 1. 1. 1. 1. 1. 1. 1. 1.]
10000,2,3,SRC,0.3551777237643749,0.4,[1. 0. 0. 1. 0. 0. 1. 0. 1. 0.]
10000,2,3,Plurality,0.3064360962531608,1.0,[1. 1. 1. 1. 1. 1. 1. 1. 1. 1.]
10000,2,5,IRV,0.2809837555383706,1.0,[1. 1. 1. 1. 1. 1. 1. 1. 1. 1.]
10000,2,5,SRB,0.2893672910715776,0.8,[1. 1. 1. 1. 1. 0. 1. 0. 1. 1.]
10000,2,5,Borda,0.2809837555383706,1.0,[1. 1. 1. 1. 1. 1. 1. 1. 1. 1.]
10000,2,5,SRC,0.3019425943713881,0.5,[1. 1. 0. 0. 1. 0. 0. 1. 0. 1.]
10000,2,5,Plurality,0.2809837555383706,1.0,[1. 1. 1. 1. 1. 1. 1. 1. 1. 1.]
10000,2,10,IRV,0.238870596662715,1.0,[1. 1. 1. 1. 1. 1. 1. 1. 1. 1.]
10000,2,10,SRB,0.238870596662715,1.0,[1. 1. 1. 1. 1. 1. 1. 1. 1. 1.]
10000,2,10,Borda,0.238870596662715,1.0,[1. 1. 1. 1. 1. 1. 1. 1. 1. 1.]
10000,2,10,SRC,0.2524710627694946,0.5,[0. 0. 1. 0. 1. 0. 1. 1. 1. 0.]
10000,2,10,Plurality,0.238870596662715,1.0,[1. 1. 1. 1. 1. 1. 1. 1. 1. 1.]
10000,3,1,IRV,0.777754548874291,0.0,[2. 2. 2. 2. 2. 2. 2. 2. 2. 2.]
10000,3,1,SRB,0.7932013825699699,0.1,[2. 2. 1. 0. 0. 2. 2. 0. 2. 2.]
10000,3,1,Borda,0.777754548874291,0.0,[2. 2. 2. 2. 2. 2. 2. 2. 2. 2.]
10000,3,1,SRC,0.768172860449532,0.3,[2. 2. 1. 0. 0. 1. 2. 2. 2. 1.]
10000,3,1,Plurality,0.777754548874291,0.0,[2. 2. 2. 2. 2. 2. 2. 2. 2. 2.]
10000,3,2,IRV,0.49810569140141797,0.0,[2. 2. 2. 2. 2. 2. 2. 2. 2. 2.]
10000,3,2,SRB,0.45388140433608504,0.3,[1. 2. 2. 2. 2. 1. 0. 2. 1. 2.]
10000,3,2,Borda,0.49810569140141797,0.0,[2. 2. 2. 2. 2. 2. 2. 2. 2. 2.]
10000,3,2,SRC,0.47454075040004273,0.3,[1. 1. 1. 2. 0. 0. 0. 2. 2. 0.]
10000,3,2,Plurality,0.49810569140141797,0.0,[2. 2. 2. 2. 2. 2. 2. 2. 2. 2.]
10000,3,3,IRV,0.5417071634970835,0.0,[1. 1. 1. 1. 1. 1. 1. 1. 1. 1.]
10000,3,3,SRB,0.5297761737679684,0.0,[1. 1. 1. 1. 0. 1. 1. 1. 1. 1.]
10000,3,3,Borda,0.5417071634970835,0.0,[1. 1. 1. 1. 1. 1. 1. 1. 1. 1.]
10000,3,3,SRC,0.4325677801055476,0.4,[1. 0. 1. 2. 1. 0. 2. 2. 1. 2.]
10000,3,3,Plurality,0.5417071634970835,0.0,[1. 1. 1. 1. 1. 1. 1. 1. 1. 1.]
10000,3,5,IRV,0.25023863450067635,1.0,[0. 0. 0. 0. 0. 0. 0. 0. 0. 0.]
10000,3,5,SRB,0.28905237796430105,0.7,[2. 0. 0. 1. 2. 0. 0. 0. 0. 0.]
10000,3,5,Borda,0.25023863450067635,1.0,[0. 0. 0. 0. 0. 0. 0. 0. 0. 0.]
10000,3,5,SRC,0.3384587739784792,0.3,[1. 0. 1. 2. 2. 2. 1. 0. 0. 1.]
10000,3,5,Plurality,0.25023863450067635,1.0,[0. 0. 0. 0. 0. 0. 0. 0. 0. 0.]
10000,3,10,IRV,0.24450123137307456,0.0,[1. 1. 1. 1. 1. 1. 1. 1. 1. 1.]
10000,3,10,SRB,0.23970216104623013,0.1,[2. 1. 1. 0. 0. 0. 1. 0. 1. 0.]
10000,3,10,Borda,0.23250173653718406,1.0,[2. 2. 2. 2. 2. 2. 2. 2. 2. 2.]
10000,3,10,SRC,0.23922203573129214,0.2,[0. 0. 2. 0. 1. 1. 1. 1. 0. 2.]
10000,3,10,Plurality,0.2373029896865638,0.0,[0. 0. 0. 0. 0. 0. 0. 0. 0. 0.]
10000,4,1,IRV,0.39862514696002643,1.0,[2. 2. 2. 2. 2. 2. 2. 2. 2. 2.]
10000,4,1,SRB,0.45431109679766146,0.9,[1. 2. 2. 2. 2. 2. 2. 2. 2. 2.]
10000,4,1,Borda,0.39862514696002643,1.0,[2. 2. 2. 2. 2. 2. 2. 2. 2. 2.]
10000,4,1,SRC,0.6892485294173084,0.2,[1. 2. 1. 0. 2. 3. 1. 3. 1. 0.]
10000,4,1,Plurality,0.39862514696002643,1.0,[2. 2. 2. 2. 2. 2. 2. 2. 2. 2.]
10000,4,2,IRV,0.31307430683143417,1.0,[1. 1. 1. 1. 1. 1. 1. 1. 1. 1.]
10000,4,2,SRB,0.314924286653721,0.8,[0. 1. 1. 1. 1. 1. 2. 1. 1. 1.]
10000,4,2,Borda,0.31307430683143417,1.0,[1. 1. 1. 1. 1. 1. 1. 1. 1. 1.]
10000,4,2,SRC,0.34414234682298617,0.4,[0. 2. 1. 1. 1. 3. 0. 1. 3. 2.]
10000,4,2,Plurality,0.31307430683143417,1.0,[1. 1. 1. 1. 1. 1. 1. 1. 1. 1.]
10000,4,3,IRV,0.3467077270190484,1.0,[0. 0. 0. 0. 0. 0. 0. 0. 0. 0.]
10000,4,3,SRB,0.38256546653502443,0.4,[0. 2. 3. 2. 0. 1. 3. 0. 0. 2.]
10000,4,3,Borda,0.3467077270190484,1.0,[0. 0. 0. 0. 0. 0. 0. 0. 0. 0.]
10000,4,3,SRC,0.39591467587144696,0.2,[3. 2. 2. 2. 0. 3. 2. 0. 3. 3.]
10000,4,3,Plurality,0.3467077270190484,1.0,[0. 0. 0. 0. 0. 0. 0. 0. 0. 0.]
10000,4,5,IRV,0.3467823941005598,0.0,[1. 1. 1. 1. 1. 1. 1. 1. 1. 1.]
10000,4,5,SRB,0.3268015827518781,0.1,[1. 0. 3. 0. 1. 0. 1. 1. 2. 1.]
10000,4,5,Borda,0.3467823941005598,0.0,[1. 1. 1. 1. 1. 1. 1. 1. 1. 1.]
10000,4,5,SRC,0.3097674598621961,0.1,[3. 0. 0. 0. 0. 2. 1. 0. 0. 0.]
10000,4,5,Plurality,0.3467823941005598,0.0,[1. 1. 1. 1. 1. 1. 1. 1. 1. 1.]
10000,4,10,IRV,0.22873163142320413,0.0,[1. 1. 1. 1. 1. 1. 1. 1. 1. 1.]
10000,4,10,SRB,0.2187223629158268,0.1,[1. 3. 0. 1. 2. 1. 1. 0. 0. 0.]
10000,4,10,Borda,0.22873163142320413,0.0,[1. 1. 1. 1. 1. 1. 1. 1. 1. 1.]
10000,4,10,SRC,0.22256945355130808,0.2,[2. 1. 3. 2. 1. 2. 3. 2. 0. 1.]
10000,4,10,Plurality,0.22873163142320413,0.0,[1. 1. 1. 1. 1. 1. 1. 1. 1. 1.]
10000,5,1,IRV,0.5339227784427607,1.0,[0. 0. 0. 0. 0. 0. 0. 0. 0. 0.]
10000,5,1,SRB,0.5339227784427607,1.0,[0. 0. 0. 0. 0. 0. 0. 0. 0. 0.]
10000,5,1,Borda,0.5339227784427607,1.0,[0. 0. 0. 0. 0. 0. 0. 0. 0. 0.]
10000,5,1,SRC,0.6216050069309603,0.2,[3. 1. 2. 2. 4. 0. 1. 2. 0. 2.]
10000,5,1,Plurality,0.5339227784427607,1.0,[0. 0. 0. 0. 0. 0. 0. 0. 0. 0.]
10000,5,2,IRV,0.6035518493372954,0.0,[1. 1. 1. 1. 1. 1. 1. 1. 1. 1.]
10000,5,2,SRB,0.5174653165848777,0.2,[1. 3. 2. 4. 0. 1. 0. 4. 1. 3.]
10000,5,2,Borda,0.6035518493372954,0.0,[1. 1. 1. 1. 1. 1. 1. 1. 1. 1.]
10000,5,2,SRC,0.4931310765179397,0.3,[0. 3. 1. 0. 2. 3. 1. 2. 3. 1.]
10000,5,2,Plurality,0.6035518493372954,0.0,[1. 1. 1. 1. 1. 1. 1. 1. 1. 1.]
10000,5,3,IRV,0.30494978080895013,1.0,[1. 1. 1. 1. 1. 1. 1. 1. 1. 1.]
10000,5,3,SRB,0.31002342027373003,0.6,[1. 1. 1. 0. 0. 0. 1. 0. 1. 1.]
10000,5,3,Borda,0.30494978080895013,1.0,[1. 1. 1. 1. 1. 1. 1. 1. 1. 1.]
10000,5,3,SRC,0.3617862279781777,0.3,[0. 3. 0. 3. 0. 3. 1. 4. 1. 1.]
10000,5,3,Plurality,0.30494978080895013,1.0,[1. 1. 1. 1. 1. 1. 1. 1. 1. 1.]
10000,5,5,IRV,0.23858176817618068,1.0,[2. 2. 2. 2. 2. 2. 2. 2. 2. 2.]
10000,5,5,SRB,0.24354119288362291,0.8,[2. 2. 2. 2. 2. 0. 2. 2. 2. 1.]
10000,5,5,Borda,0.23858176817618068,1.0,[2. 2. 2. 2. 2. 2. 2. 2. 2. 2.]
10000,5,5,SRC,0.2959486162915392,0.3,[0. 4. 2. 4. 1. 0. 2. 4. 2. 3.]
10000,5,5,Plurality,0.23858176817618068,1.0,[2. 2. 2. 2. 2. 2. 2. 2. 2. 2.]
10000,5,10,IRV,0.2637395791114708,0.0,[2. 2. 2. 2. 2. 2. 2. 2. 2. 2.]
10000,5,10,SRB,0.2583891876399224,0.0,[3. 1. 0. 2. 2. 1. 1. 2. 1. 3.]
10000,5,10,Borda,0.22669581232604,1.0,[4. 4. 4. 4. 4. 4. 4. 4. 4. 4.]
10000,5,10,SRC,0.24152951135953332,0.1,[0. 0. 3. 4. 0. 3. 2. 3. 1. 0.]
10000,5,10,Plurality,0.2637395791114708,0.0,[2. 2. 2. 2. 2. 2. 2. 2. 2. 2.]
10000,10,1,IRV,0.8481645039101975,0.0,[3. 3. 3. 3. 3. 3. 3. 3. 3. 3.]
10000,10,1,SRB,0.7012755320337052,0.0,[0. 2. 0. 6. 3. 2. 3. 3. 6. 0.]
10000,10,1,Borda,0.712896576938851,0.0,[6. 6. 6. 6. 6. 6. 6. 6. 6. 6.]
10000,10,1,SRC,0.547973383928183,0.3,[8. 9. 2. 9. 1. 5. 9. 7. 0. 4.]
10000,10,1,Plurality,0.8481645039101975,0.0,[3. 3. 3. 3. 3. 3. 3. 3. 3. 3.]
10000,10,2,IRV,0.3940622212093712,1.0,[0. 0. 0. 0. 0. 0. 0. 0. 0. 0.]
10000,10,2,SRB,0.4469630367408147,0.7,[7. 0. 0. 0. 7. 2. 0. 0. 0. 0.]
10000,10,2,Borda,0.3940622212093712,1.0,[0. 0. 0. 0. 0. 0. 0. 0. 0. 0.]
10000,10,2,SRC,0.5292116009953898,0.0,[5. 6. 5. 3. 7. 8. 9. 9. 1. 4.]
10000,10,2,Plurality,0.3940622212093712,1.0,[0. 0. 0. 0. 0. 0. 0. 0. 0. 0.]
10000,10,3,IRV,0.2891359732415667,1.0,[8. 8. 8. 8. 8. 8. 8. 8. 8. 8.]
10000,10,3,SRB,0.33443425857078746,0.7,[8. 8. 8. 8. 7. 7. 8. 8. 8. 6.]
10000,10,3,Borda,0.2891359732415667,1.0,[8. 8. 8. 8. 8. 8. 8. 8. 8. 8.]
10000,10,3,SRC,0.4026566772743137,0.0,[3. 7. 3. 3. 7. 9. 1. 4. 6. 2.]
10000,10,3,Plurality,0.2891359732415667,1.0,[8. 8. 8. 8. 8. 8. 8. 8. 8. 8.]
10000,10,5,IRV,0.29117765080942165,1.0,[9. 9. 9. 9. 9. 9. 9. 9. 9. 9.]
10000,10,5,SRB,0.34289751872556445,0.2,[4. 3. 7. 7. 9. 8. 6. 8. 9. 3.]
10000,10,5,Borda,0.29117765080942165,1.0,[9. 9. 9. 9. 9. 9. 9. 9. 9. 9.]
10000,10,5,SRC,0.3546516125112239,0.0,[6. 8. 6. 7. 5. 3. 3. 4. 3. 0.]
10000,10,5,Plurality,0.29117765080942165,1.0,[9. 9. 9. 9. 9. 9. 9. 9. 9. 9.]
10000,10,10,IRV,0.2605095412145148,0.0,[6. 6. 6. 6. 6. 6. 6. 6. 6. 6.]
10000,10,10,SRB,0.24576894734496832,0.1,[5. 6. 6. 5. 8. 6. 6. 4. 2. 2.]
10000,10,10,Borda,0.2605095412145148,0.0,[6. 6. 6. 6. 6. 6. 6. 6. 6. 6.]
10000,10,10,SRC,0.23981404960660924,0.0,[5. 6. 0. 5. 6. 1. 1. 9. 3. 3.]
10000,10,10,Plurality,0.2605095412145148,0.0,[6. 6. 6. 6. 6. 6. 6. 6. 6. 6.]
